lambda_NIO,lambda_ann_pct,N,T,T/N,trial,t_oracle,t_ols,t_lasso
0.001,3.1749015732775088,50,100,2.0,0,0.8776380084631774,,-3.497100800869136
0.001,3.1749015732775088,50,100,2.0,1,1.0527563960005593,,-1.379391247504774
0.001,3.1749015732775088,50,100,2.0,2,3.2448606487755196,,-0.7023935410215264
0.001,3.1749015732775088,50,100,2.0,3,0.5994203734957084,,-0.32729038355170664
0.001,3.1749015732775088,50,100,2.0,4,1.0456729847829764,,2.369390763340698
0.001,3.1749015732775088,50,100,2.0,5,3.9948141144336744,,-1.8743203586764499
0.001,3.1749015732775088,50,100,2.0,6,0.48089685320205333,,1.364179140909869
0.001,3.1749015732775088,50,100,2.0,7,5.369536040707618,,0.13617435030376754
0.001,3.1749015732775088,50,100,2.0,8,0.7768668254399551,,-4.318980469267266
0.001,3.1749015732775088,50,100,2.0,9,3.0833485004741683,,0.4361954841603864
0.001,3.1749015732775088,50,100,2.0,10,0.5717751679366289,,-2.823029271294384
0.001,3.1749015732775088,50,100,2.0,11,0.031193181094608547,,1.118572779528551
0.001,3.1749015732775088,50,100,2.0,12,0.9979061061142502,,-4.729965892943501
0.001,3.1749015732775088,50,100,2.0,13,1.9635872049839218,,2.6074398252260185
0.001,3.1749015732775088,50,100,2.0,14,1.2875671317759287,,2.3523823686419614
0.001,3.1749015732775088,50,100,2.0,15,2.2188496439543473,,0.43841452645923346
0.001,3.1749015732775088,50,100,2.0,16,2.397257965583249,,-1.0983148901355484
0.001,3.1749015732775088,50,100,2.0,17,-0.3103457113177037,,3.0349250951244553
0.001,3.1749015732775088,50,100,2.0,18,0.7619618677108423,,-4.018325763235833
0.001,3.1749015732775088,50,100,2.0,19,2.6653535386456007,,2.1651339131727374
0.001,3.1749015732775088,50,100,2.0,20,1.1558741275185518,,-1.5357465953548086
0.001,3.1749015732775088,50,100,2.0,21,1.040078420539858,,-1.1873929019687572
0.001,3.1749015732775088,50,100,2.0,22,2.7119990722888154,,2.0432640608589123
0.001,3.1749015732775088,50,100,2.0,23,1.1001679398079351,,-0.2601202623969966
0.001,3.1749015732775088,50,100,2.0,24,0.29698068222737894,,-1.4513739473416858
0.001,3.1749015732775088,50,100,2.0,25,3.1392110121727197,,0.09561268076291167
0.001,3.1749015732775088,50,100,2.0,26,0.07211613540626154,,-4.068333116968474
0.001,3.1749015732775088,50,100,2.0,27,4.121691493443913,,0.9103331542264803
0.001,3.1749015732775088,50,100,2.0,28,2.230886144021758,,-1.7454821731499608
0.001,3.1749015732775088,50,100,2.0,29,1.9717274865995558,,-1.5512444013552389
0.001,3.1749015732775088,50,100,2.0,30,2.4091002318288006,,1.4588264236627773
0.001,3.1749015732775088,50,100,2.0,31,2.066752402580587,,0.48971483712827213
0.001,3.1749015732775088,50,100,2.0,32,2.4303558375683703,,0.4994076717861139
0.001,3.1749015732775088,50,100,2.0,33,1.3959776308686567,,3.9400087013706693
0.001,3.1749015732775088,50,100,2.0,34,1.3391269506120105,,1.4218684071450725
0.001,3.1749015732775088,50,100,2.0,35,0.3509769301859992,,-1.5366998248926815
0.001,3.1749015732775088,50,100,2.0,36,3.238997897666532,,1.0407973139544213
0.001,3.1749015732775088,50,100,2.0,37,2.7381890257510073,,-0.6184276684539783
0.001,3.1749015732775088,50,100,2.0,38,3.358137656679955,,0.7521275955964926
0.001,3.1749015732775088,50,100,2.0,39,1.261091949956234,,-2.228321195033961
0.001,3.1749015732775088,50,100,2.0,40,2.7013774318033623,,1.0842494168308012
0.001,3.1749015732775088,50,100,2.0,41,2.1611886545933836,,1.0338719290433702
0.001,3.1749015732775088,50,100,2.0,42,0.35933887682019067,,-0.6544345097242806
0.001,3.1749015732775088,50,100,2.0,43,2.813355846023876,,-0.6235433747977078
0.001,3.1749015732775088,50,100,2.0,44,0.1930313258876167,,-3.9176674069017654
0.001,3.1749015732775088,50,100,2.0,45,2.524743315268974,,0.3735990491950627
0.001,3.1749015732775088,50,100,2.0,46,1.098642982646589,,1.0093716333072813
0.001,3.1749015732775088,50,100,2.0,47,1.5516434162848083,,-0.23121482304767838
0.001,3.1749015732775088,50,100,2.0,48,0.972061820214623,,3.239428679443944
0.001,3.1749015732775088,50,100,2.0,49,3.3774754711187365,,-0.8075206145943823
0.001,3.1749015732775088,50,250,5.0,0,1.498680010185987,,-0.8722473070541378
0.001,3.1749015732775088,50,250,5.0,1,1.284530583443183,,0.31044374655324797
0.001,3.1749015732775088,50,250,5.0,2,1.050831298747824,,0.0015968188204255386
0.001,3.1749015732775088,50,250,5.0,3,1.4918437668054323,,-0.8079722422976118
0.001,3.1749015732775088,50,250,5.0,4,0.6735364365998942,,3.3912103361056514
0.001,3.1749015732775088,50,250,5.0,5,0.5636093533765943,,-1.3268825456422477
0.001,3.1749015732775088,50,250,5.0,6,1.8890260702588377,,2.71295332390046
0.001,3.1749015732775088,50,250,5.0,7,1.4488688363933444,,3.2474427553833816
0.001,3.1749015732775088,50,250,5.0,8,0.30001121725333585,,3.112039166516572
0.001,3.1749015732775088,50,250,5.0,9,1.7821002451191352,,2.101485238382138
0.001,3.1749015732775088,50,250,5.0,10,1.8172422494075968,,-1.3214366150464008
0.001,3.1749015732775088,50,250,5.0,11,0.5168494074396593,,2.166409362034153
0.001,3.1749015732775088,50,250,5.0,12,0.5252852723384877,,-1.2217771528628179
0.001,3.1749015732775088,50,250,5.0,13,1.909755887860603,,0.44766493587921796
0.001,3.1749015732775088,50,250,5.0,14,-0.5856877940056541,,-1.7606599602831279
0.001,3.1749015732775088,50,250,5.0,15,0.7705471368953883,,-1.7663127080984715
0.001,3.1749015732775088,50,250,5.0,16,2.2506931198404048,,1.6803801503097366
0.001,3.1749015732775088,50,250,5.0,17,1.3802330015858106,,-0.350148976948653
0.001,3.1749015732775088,50,250,5.0,18,2.8127494878854855,,2.776918592599638
0.001,3.1749015732775088,50,250,5.0,19,-0.23959233475651112,,-0.9634138399767928
0.001,3.1749015732775088,50,250,5.0,20,1.4543407709602498,,0.19044639376951744
0.001,3.1749015732775088,50,250,5.0,21,2.8766914788356703,,-0.01553691557286533
0.001,3.1749015732775088,50,250,5.0,22,1.133526547757753,,3.007575218700739
0.001,3.1749015732775088,50,250,5.0,23,0.46685049538311624,,0.8597934933089726
0.001,3.1749015732775088,50,250,5.0,24,-1.522591455513138,,-2.255445766977453
0.001,3.1749015732775088,50,250,5.0,25,2.833640736439213,,0.2639100064568025
0.001,3.1749015732775088,50,250,5.0,26,0.849224823350902,,-0.817723486908223
0.001,3.1749015732775088,50,250,5.0,27,0.9088272304731936,,0.838942938773373
0.001,3.1749015732775088,50,250,5.0,28,1.0519588077038622,,0.5456583201955407
0.001,3.1749015732775088,50,250,5.0,29,1.5234595009607204,,2.4289991529528816
0.001,3.1749015732775088,50,250,5.0,30,0.9206830610889721,,3.330759842894316
0.001,3.1749015732775088,50,250,5.0,31,-0.48234532860611934,,-0.932563802952639
0.001,3.1749015732775088,50,250,5.0,32,1.4492590058622128,,-0.03693972008465108
0.001,3.1749015732775088,50,250,5.0,33,1.2831648698192868,,0.3318583891150401
0.001,3.1749015732775088,50,250,5.0,34,0.9877515366236113,,-1.9569519239843411
0.001,3.1749015732775088,50,250,5.0,35,1.285811478492928,,-1.7276039094399935
0.001,3.1749015732775088,50,250,5.0,36,0.37048413836597177,,0.5965669837798109
0.001,3.1749015732775088,50,250,5.0,37,0.022193583692272353,,-3.854182003607721
0.001,3.1749015732775088,50,250,5.0,38,-0.14180291984641755,,1.7904644307944426
0.001,3.1749015732775088,50,250,5.0,39,1.5669336207726392,,0.3304184841713802
0.001,3.1749015732775088,50,250,5.0,40,-0.9375790846741612,,-0.7415927379301527
0.001,3.1749015732775088,50,250,5.0,41,-0.923255538426768,,-0.012325281085730921
0.001,3.1749015732775088,50,250,5.0,42,1.167510913417024,,1.6575866116099018
0.001,3.1749015732775088,50,250,5.0,43,1.3331302746142177,,2.1874222542633026
0.001,3.1749015732775088,50,250,5.0,44,-0.3694273791240472,,1.4449761733442923
0.001,3.1749015732775088,50,250,5.0,45,1.8452087479360852,,-0.9736410242055654
0.001,3.1749015732775088,50,250,5.0,46,2.7131049418750366,,1.5331426114938127
0.001,3.1749015732775088,50,250,5.0,47,1.3965734541065757,,-0.43510525366891395
0.001,3.1749015732775088,50,250,5.0,48,0.10921049835003586,,3.502914692770694
0.001,3.1749015732775088,50,250,5.0,49,1.316937958826586,,-1.163116057634525
0.001,3.1749015732775088,50,500,10.0,0,-0.33373381464585866,,1.0733480850289765
0.001,3.1749015732775088,50,500,10.0,1,1.473557520279713,,-1.0192380293483159
0.001,3.1749015732775088,50,500,10.0,2,-0.2948417860093252,,0.4157374271001132
0.001,3.1749015732775088,50,500,10.0,3,-0.048352117534493075,,0.5231829657808806
0.001,3.1749015732775088,50,500,10.0,4,0.5530428749797068,,0.059553029100548494
0.001,3.1749015732775088,50,500,10.0,5,0.3754288518270443,,0.14848594419911773
0.001,3.1749015732775088,50,500,10.0,6,0.27542575425278554,,-0.3870538899287175
0.001,3.1749015732775088,50,500,10.0,7,-0.8355408881886458,,-3.8844486875183213
0.001,3.1749015732775088,50,500,10.0,8,-0.9346939744204729,,0.6346076474420562
0.001,3.1749015732775088,50,500,10.0,9,-0.6113649345728082,,-0.09210557041241926
0.001,3.1749015732775088,50,500,10.0,10,0.11002930095303136,,0.12472225098631154
0.001,3.1749015732775088,50,500,10.0,11,-0.05078222085830522,,0.2529334212806456
0.001,3.1749015732775088,50,500,10.0,12,-1.110493598176918,,1.6832244787864608
0.001,3.1749015732775088,50,500,10.0,13,-0.04031842275010555,,0.3812215038731998
0.001,3.1749015732775088,50,500,10.0,14,-0.9993631705269334,,1.8442779098133537
0.001,3.1749015732775088,50,500,10.0,15,-1.6174680848173648,,1.162783837500977
0.001,3.1749015732775088,50,500,10.0,16,0.08904586265615497,,-0.21317651084625172
0.001,3.1749015732775088,50,500,10.0,17,-0.2766745807863367,,-0.38956563211011114
0.001,3.1749015732775088,50,500,10.0,18,1.7355429789864663,,2.2263132778615704
0.001,3.1749015732775088,50,500,10.0,19,0.35773214703424133,,1.7174848382458052
0.001,3.1749015732775088,50,500,10.0,20,0.57410117247743,,-0.5349079766749644
0.001,3.1749015732775088,50,500,10.0,21,0.5820261130291956,,1.1039595184717255
0.001,3.1749015732775088,50,500,10.0,22,2.06884775125183,,2.9074133033842875
0.001,3.1749015732775088,50,500,10.0,23,0.4420135131115451,,2.8878341664487026
0.001,3.1749015732775088,50,500,10.0,24,-1.4788761424206958,,1.3504803951526019
0.001,3.1749015732775088,50,500,10.0,25,-1.8440000880413978,,-0.17243050842296154
0.001,3.1749015732775088,50,500,10.0,26,1.7571905115309412,,-0.2874294338787924
0.001,3.1749015732775088,50,500,10.0,27,-0.16871188185565847,,-1.1438506742325731
0.001,3.1749015732775088,50,500,10.0,28,-1.0568779950905456,,5.2293710909549675
0.001,3.1749015732775088,50,500,10.0,29,-1.0612869526065711,,-1.0648344586028058
0.001,3.1749015732775088,50,500,10.0,30,2.258911850240417,,2.4532129169941683
0.001,3.1749015732775088,50,500,10.0,31,1.420358347911651,,1.4972311944362613
0.001,3.1749015732775088,50,500,10.0,32,-1.0407484500544,,-2.573193265340705
0.001,3.1749015732775088,50,500,10.0,33,1.8820144627106443,,1.5247764676448545
0.001,3.1749015732775088,50,500,10.0,34,-1.050948400498277,,0.7640085238202667
0.001,3.1749015732775088,50,500,10.0,35,-0.2546720607511981,,1.358595609978514
0.001,3.1749015732775088,50,500,10.0,36,0.7352457834153923,,2.178286275356016
0.001,3.1749015732775088,50,500,10.0,37,-1.3276094938400438,,-2.955763525105856
0.001,3.1749015732775088,50,500,10.0,38,1.0951036161234873,,1.6455196755357444
0.001,3.1749015732775088,50,500,10.0,39,0.5184624094133068,,-1.6391941585241208
0.001,3.1749015732775088,50,500,10.0,40,0.021974226032533368,,-0.3767821413891547
0.001,3.1749015732775088,50,500,10.0,41,0.28088314809581383,,-1.4670170086887913
0.001,3.1749015732775088,50,500,10.0,42,0.8491463216128513,,0.644075922166374
0.001,3.1749015732775088,50,500,10.0,43,1.520805702279547,,1.2625781527264737
0.001,3.1749015732775088,50,500,10.0,44,-0.10404597624405414,,2.036721558390704
0.001,3.1749015732775088,50,500,10.0,45,-0.7780916013026064,,-0.3492498083384222
0.001,3.1749015732775088,50,500,10.0,46,1.0261135630971108,,-0.8177991421420033
0.001,3.1749015732775088,50,500,10.0,47,-1.0956187869751852,,-1.2790486719684893
0.001,3.1749015732775088,50,500,10.0,48,0.46075357259705263,,-0.06604301931914511
0.001,3.1749015732775088,50,500,10.0,49,1.7153861531226606,,1.394783119225465
0.003,9.524704719832528,50,100,2.0,0,3.6673636135309127,,-2.9916463038575047
0.003,9.524704719832528,50,100,2.0,1,3.7480794528840233,,-1.0501944959955651
0.003,9.524704719832528,50,100,2.0,2,7.8634741013582925,,-0.9281874023933087
0.003,9.524704719832528,50,100,2.0,3,4.362879076291554,,0.5305267026721611
0.003,9.524704719832528,50,100,2.0,4,5.588230957512752,,1.6459037596382904
0.003,9.524704719832528,50,100,2.0,5,9.527016019560838,,-1.1240325735330106
0.003,9.524704719832528,50,100,2.0,6,3.9772396721731393,,1.0351553965228721
0.003,9.524704719832528,50,100,2.0,7,11.0439148490497,,-0.12520483749282635
0.003,9.524704719832528,50,100,2.0,8,2.3818802463064404,,-3.5692238465317097
0.003,9.524704719832528,50,100,2.0,9,8.587345355992982,,0.5210155089199241
0.003,9.524704719832528,50,100,2.0,10,3.0252003657460094,,-2.351039562215921
0.003,9.524704719832528,50,100,2.0,11,3.8051742513050923,,0.07617187658312637
0.003,9.524704719832528,50,100,2.0,12,4.298312246128022,,-3.007503998016599
0.003,9.524704719832528,50,100,2.0,13,6.052524940529287,,2.8693059597607364
0.003,9.524704719832528,50,100,2.0,14,6.171473982639366,,3.3819106274938693
0.003,9.524704719832528,50,100,2.0,15,5.710810857723142,,0.5783879151114847
0.003,9.524704719832528,50,100,2.0,16,6.542709034171575,,-0.4167189319607413
0.003,9.524704719832528,50,100,2.0,17,1.0877639089660838,,2.9948594822903756
0.003,9.524704719832528,50,100,2.0,18,3.8468843272680466,,-3.4069288775392716
0.003,9.524704719832528,50,100,2.0,19,7.290197493937421,,2.27270180949372
0.003,9.524704719832528,50,100,2.0,20,6.309945888758847,,-1.0438386039963383
0.003,9.524704719832528,50,100,2.0,21,4.921044178895526,,-0.7630590363791112
0.003,9.524704719832528,50,100,2.0,22,6.542928503905476,,3.054623331670126
0.003,9.524704719832528,50,100,2.0,23,4.634089920268467,,0.4671384480603425
0.003,9.524704719832528,50,100,2.0,24,3.743793868248446,,-0.7072553847635287
0.003,9.524704719832528,50,100,2.0,25,7.449719416052014,,0.3832479523855844
0.003,9.524704719832528,50,100,2.0,26,2.9083022855489564,,-2.9684088502703494
0.003,9.524704719832528,50,100,2.0,27,8.975715568638721,,1.4970995674784189
0.003,9.524704719832528,50,100,2.0,28,8.576153498707747,,-1.020831885940193
0.003,9.524704719832528,50,100,2.0,29,5.786019930783327,,-0.45777802265359785
0.003,9.524704719832528,50,100,2.0,30,5.942892309268435,,1.2947275366205053
0.003,9.524704719832528,50,100,2.0,31,6.868592829236106,,1.304073167912067
0.003,9.524704719832528,50,100,2.0,32,5.083705345355862,,0.5735544945980927
0.003,9.524704719832528,50,100,2.0,33,3.4689462111552323,,4.040209473348181
0.003,9.524704719832528,50,100,2.0,34,6.528309542789096,,2.1207621270388057
0.003,9.524704719832528,50,100,2.0,35,3.459688159908909,,-2.0959013327667084
0.003,9.524704719832528,50,100,2.0,36,7.111347694783255,,1.4646457205998609
0.003,9.524704719832528,50,100,2.0,37,6.550978049729629,,0.4493870318707322
0.003,9.524704719832528,50,100,2.0,38,9.166002675659609,,1.5129363011700434
0.003,9.524704719832528,50,100,2.0,39,5.191488268179857,,-1.731108286895035
0.003,9.524704719832528,50,100,2.0,40,7.581852508272681,,1.2691085379625546
0.003,9.524704719832528,50,100,2.0,41,5.279390360821473,,0.5760064344177079
0.003,9.524704719832528,50,100,2.0,42,2.1710597550398116,,-0.18252100048256797
0.003,9.524704719832528,50,100,2.0,43,10.103752596517,,-0.007256332870655343
0.003,9.524704719832528,50,100,2.0,44,4.342750555385368,,-2.363458276311073
0.003,9.524704719832528,50,100,2.0,45,7.231463627252457,,0.49464185820077144
0.003,9.524704719832528,50,100,2.0,46,6.5080784517505545,,2.0516906099813883
0.003,9.524704719832528,50,100,2.0,47,5.484223237752031,,0.6467839655830966
0.003,9.524704719832528,50,100,2.0,48,3.094982896552593,,3.7412023203972886
0.003,9.524704719832528,50,100,2.0,49,7.367884341551876,,-0.38951518140635727
0.003,9.524704719832528,50,250,5.0,0,3.0970028897405313,,-0.8265597264328389
0.003,9.524704719832528,50,250,5.0,1,2.4134565746505827,,0.5174344885097387
0.003,9.524704719832528,50,250,5.0,2,2.8193003928148475,,0.7450922833989436
0.003,9.524704719832528,50,250,5.0,3,4.015002381364796,,-0.5486218977440916
0.003,9.524704719832528,50,250,5.0,4,2.66690135014497,,3.1694540451859683
0.003,9.524704719832528,50,250,5.0,5,2.094726647712383,,-0.9860490357815205
0.003,9.524704719832528,50,250,5.0,6,3.028927746292667,,2.987354412227592
0.003,9.524704719832528,50,250,5.0,7,3.9633575406901045,,3.4221255668368085
0.003,9.524704719832528,50,250,5.0,8,0.4217357664111959,,3.164676799637263
0.003,9.524704719832528,50,250,5.0,9,5.6593299175380665,,1.6533015102991895
0.003,9.524704719832528,50,250,5.0,10,2.9620541309661923,,-0.7966885100014849
0.003,9.524704719832528,50,250,5.0,11,1.9716729245822275,,2.7070475701889998
0.003,9.524704719832528,50,250,5.0,12,1.8003092139110628,,-0.9719034803102793
0.003,9.524704719832528,50,250,5.0,13,2.7959236716428273,,0.8166499446616997
0.003,9.524704719832528,50,250,5.0,14,1.1381891876126728,,-1.270498248477815
0.003,9.524704719832528,50,250,5.0,15,3.6728486660713577,,-0.7953220949583268
0.003,9.524704719832528,50,250,5.0,16,4.893914027500042,,2.0118057606488864
0.003,9.524704719832528,50,250,5.0,17,1.9423580235120068,,-0.07684550122199932
0.003,9.524704719832528,50,250,5.0,18,5.155684800653471,,2.2703445607541437
0.003,9.524704719832528,50,250,5.0,19,0.4171249978456958,,-0.897192960557212
0.003,9.524704719832528,50,250,5.0,20,1.73182434344183,,0.33849049746124854
0.003,9.524704719832528,50,250,5.0,21,5.693401234051147,,0.18572643160899055
0.003,9.524704719832528,50,250,5.0,22,2.6379316211623656,,3.3427810611797395
0.003,9.524704719832528,50,250,5.0,23,1.8669149754578855,,1.5330390069230266
0.003,9.524704719832528,50,250,5.0,24,-1.2538661813719103,,-2.1909980067101356
0.003,9.524704719832528,50,250,5.0,25,4.361676681747701,,0.5693481367486526
0.003,9.524704719832528,50,250,5.0,26,1.894546937287957,,-0.6223206261197038
0.003,9.524704719832528,50,250,5.0,27,2.5311130800435055,,1.2540228806528382
0.003,9.524704719832528,50,250,5.0,28,2.6942107441241636,,0.9181461364560439
0.003,9.524704719832528,50,250,5.0,29,2.5141859218275058,,2.5846713305556213
0.003,9.524704719832528,50,250,5.0,30,1.7948419052825624,,3.283525677223759
0.003,9.524704719832528,50,250,5.0,31,2.63636506497807,,-0.1008616626452938
0.003,9.524704719832528,50,250,5.0,32,3.336925679142815,,0.6547771381652485
0.003,9.524704719832528,50,250,5.0,33,4.311432435121879,,1.2538425967188527
0.003,9.524704719832528,50,250,5.0,34,2.820028276492124,,-1.3138963568944575
0.003,9.524704719832528,50,250,5.0,35,3.1350021611636842,,-1.0700932409111366
0.003,9.524704719832528,50,250,5.0,36,1.1878827748855059,,0.9375168952199718
0.003,9.524704719832528,50,250,5.0,37,1.2748985678894624,,-3.050019088035007
0.003,9.524704719832528,50,250,5.0,38,1.9571944613578818,,1.8819969793464018
0.003,9.524704719832528,50,250,5.0,39,3.264098792801276,,0.7509744726864033
0.003,9.524704719832528,50,250,5.0,40,0.9472873329968509,,-0.399015485540847
0.003,9.524704719832528,50,250,5.0,41,0.9926045482846451,,0.7176039381362369
0.003,9.524704719832528,50,250,5.0,42,1.9733746844045645,,1.7921706380718343
0.003,9.524704719832528,50,250,5.0,43,4.02683300842682,,2.3627529274172585
0.003,9.524704719832528,50,250,5.0,44,1.6012640055200107,,1.5455327464906707
0.003,9.524704719832528,50,250,5.0,45,5.62654675384162,,-0.35114527794593287
0.003,9.524704719832528,50,250,5.0,46,3.7882414157320725,,1.4692808266249808
0.003,9.524704719832528,50,250,5.0,47,2.4242837862774853,,-0.19216044807213137
0.003,9.524704719832528,50,250,5.0,48,1.2998564096583465,,3.5329073698633082
0.003,9.524704719832528,50,250,5.0,49,4.100960048873683,,-0.8083158711991935
0.003,9.524704719832528,50,500,10.0,0,-0.14543071747452815,,1.165510252249314
0.003,9.524704719832528,50,500,10.0,1,1.7890656711945854,,-0.9362785869921
0.003,9.524704719832528,50,500,10.0,2,-0.055817761633330645,,0.4805130213504003
0.003,9.524704719832528,50,500,10.0,3,0.3236415893417399,,0.7215199868329921
0.003,9.524704719832528,50,500,10.0,4,0.7671033951792847,,0.19354909104172183
0.003,9.524704719832528,50,500,10.0,5,0.8169799056996717,,0.3571947384205826
0.003,9.524704719832528,50,500,10.0,6,0.5546605836541562,,-0.274547992949578
0.003,9.524704719832528,50,500,10.0,7,-0.5153183770537314,,-3.8554530548574446
0.003,9.524704719832528,50,500,10.0,8,-0.9112467745867872,,0.6437028243890945
0.003,9.524704719832528,50,500,10.0,9,-0.48810312518603094,,-0.0444616046837626
0.003,9.524704719832528,50,500,10.0,10,0.32442272706466047,,0.19714421830382253
0.003,9.524704719832528,50,500,10.0,11,0.45967959752199516,,0.36494093196496724
0.003,9.524704719832528,50,500,10.0,12,-0.9538919226869902,,1.7642744487543782
0.003,9.524704719832528,50,500,10.0,13,0.26180279511540017,,0.5144867342716379
0.003,9.524704719832528,50,500,10.0,14,-0.7128314940319329,,1.9375533323427858
0.003,9.524704719832528,50,500,10.0,15,-1.5782709571901437,,1.18581829036368
0.003,9.524704719832528,50,500,10.0,16,0.801713185450147,,-0.04358897114694502
0.003,9.524704719832528,50,500,10.0,17,-0.22818868317501365,,-0.3728206434347445
0.003,9.524704719832528,50,500,10.0,18,2.140610267629639,,2.3510820234449605
0.003,9.524704719832528,50,500,10.0,19,0.46945269312852334,,1.7756454758912905
0.003,9.524704719832528,50,500,10.0,20,0.5870593016107862,,-0.52937767627046
0.003,9.524704719832528,50,500,10.0,21,0.6128221757719262,,1.119227491231444
0.003,9.524704719832528,50,500,10.0,22,2.1957481867699076,,2.9493777224835247
0.003,9.524704719832528,50,500,10.0,23,0.5132685148147244,,2.9119932526105603
0.003,9.524704719832528,50,500,10.0,24,-1.3948903771679066,,1.3989867181258364
0.003,9.524704719832528,50,500,10.0,25,-1.3196808444025452,,0.015175250388356586
0.003,9.524704719832528,50,500,10.0,26,1.9633497890587062,,-0.28308264763441726
0.003,9.524704719832528,50,500,10.0,27,0.17161380363738343,,-1.0404633432792334
0.003,9.524704719832528,50,500,10.0,28,-0.8712799513642502,,5.24507097925728
0.003,9.524704719832528,50,500,10.0,29,-0.5731554391274019,,-0.7832513748566057
0.003,9.524704719832528,50,500,10.0,30,2.577194631847532,,2.5077479678724948
0.003,9.524704719832528,50,500,10.0,31,1.5194274486109973,,1.5296890615357732
0.003,9.524704719832528,50,500,10.0,32,-0.8442410619487751,,-2.51314863252249
0.003,9.524704719832528,50,500,10.0,33,2.528727358385439,,1.6376971233678281
0.003,9.524704719832528,50,500,10.0,34,-0.9103749930875144,,0.8179525922461733
0.003,9.524704719832528,50,500,10.0,35,0.11931136413022285,,1.5387452348833108
0.003,9.524704719832528,50,500,10.0,36,1.2623128385257902,,2.441210970931908
0.003,9.524704719832528,50,500,10.0,37,-1.2758512844570271,,-2.938287711934615
0.003,9.524704719832528,50,500,10.0,38,1.881673474762508,,1.8999251571309033
0.003,9.524704719832528,50,500,10.0,39,0.6415622978490413,,-1.5867568056039743
0.003,9.524704719832528,50,500,10.0,40,0.34684526258204557,,-0.2521315442183272
0.003,9.524704719832528,50,500,10.0,41,0.37767513754447585,,-1.4242269492162813
0.003,9.524704719832528,50,500,10.0,42,0.9385582301914671,,0.6768581321348415
0.003,9.524704719832528,50,500,10.0,43,1.638219665828931,,1.2836653474321014
0.003,9.524704719832528,50,500,10.0,44,0.19117650797448454,,2.141177323952224
0.003,9.524704719832528,50,500,10.0,45,-0.15286746526282072,,-0.3035555593689874
0.003,9.524704719832528,50,500,10.0,46,1.3112088706447995,,-0.687829429670544
0.003,9.524704719832528,50,500,10.0,47,-1.0718737557328437,,-1.266401751952059
0.003,9.524704719832528,50,500,10.0,48,1.1698588981263793,,0.22347133887249845
0.003,9.524704719832528,50,500,10.0,49,2.0398635674542454,,1.4345602187773747
0.005,15.874507866387544,50,100,2.0,0,6.45708921859865,,-2.3725437729160745
0.005,15.874507866387544,50,100,2.0,1,6.443402509767488,,-0.7309593332975035
0.005,15.874507866387544,50,100,2.0,2,12.482087553941064,,-0.9860720063512282
0.005,15.874507866387544,50,100,2.0,3,8.126337779087399,,1.0354041435792531
0.005,15.874507866387544,50,100,2.0,4,10.13078893024253,,1.054833993372163
0.005,15.874507866387544,50,100,2.0,5,15.059217924687998,,-0.7076997455938593
0.005,15.874507866387544,50,100,2.0,6,7.473582491144224,,0.6964474635449691
0.005,15.874507866387544,50,100,2.0,7,16.718293657391783,,-0.24646697088404412
0.005,15.874507866387544,50,100,2.0,8,3.9868936671729287,,-2.8295707255575184
0.005,15.874507866387544,50,100,2.0,9,14.091342211511785,,0.5213772984488192
0.005,15.874507866387544,50,100,2.0,10,5.478625563555388,,-1.8124663122037759
0.005,15.874507866387544,50,100,2.0,11,7.57915532151558,,-0.6303918052947826
0.005,15.874507866387544,50,100,2.0,12,7.598718386141795,,-1.7708469426419324
0.005,15.874507866387544,50,100,2.0,13,10.141462676074653,,2.730699660256884
0.005,15.874507866387544,50,100,2.0,14,11.055380833502804,,3.4936840752663656
0.005,15.874507866387544,50,100,2.0,15,9.202772071491937,,0.6247113272252715
0.005,15.874507866387544,50,100,2.0,16,10.688160102759904,,0.0019590806525964202
0.005,15.874507866387544,50,100,2.0,17,2.485873529249872,,2.829158434192039
0.005,15.874507866387544,50,100,2.0,18,6.931806786825251,,-2.6462560684595444
0.005,15.874507866387544,50,100,2.0,19,11.915041449229237,,2.132880518867414
0.005,15.874507866387544,50,100,2.0,20,11.464017649999143,,-0.6609889295642459
0.005,15.874507866387544,50,100,2.0,21,8.802009937251196,,-0.41963027390234925
0.005,15.874507866387544,50,100,2.0,22,10.373857935522139,,3.468287733697499
0.005,15.874507866387544,50,100,2.0,23,8.168011900729002,,0.9032518384406006
0.005,15.874507866387544,50,100,2.0,24,7.190607054269514,,-0.12329130646695242
0.005,15.874507866387544,50,100,2.0,25,11.760227819931313,,0.518601641784698
0.005,15.874507866387544,50,100,2.0,26,5.74448843569165,,-1.925498508330772
0.005,15.874507866387544,50,100,2.0,27,13.829739643833536,,1.7261293784398777
0.005,15.874507866387544,50,100,2.0,28,14.921420853393737,,-0.6070879102580229
0.005,15.874507866387544,50,100,2.0,29,9.600312374967102,,0.22461113469825855
0.005,15.874507866387544,50,100,2.0,30,9.47668438670808,,1.1008515443815603
0.005,15.874507866387544,50,100,2.0,31,11.670433255891625,,1.625170875802575
0.005,15.874507866387544,50,100,2.0,32,7.737054853143355,,0.5959512081741245
0.005,15.874507866387544,50,100,2.0,33,5.541914791441807,,3.8536151426512366
0.005,15.874507866387544,50,100,2.0,34,11.717492134966175,,2.2201318078260543
0.005,15.874507866387544,50,100,2.0,35,6.568399389631819,,-2.2784380013719536
0.005,15.874507866387544,50,100,2.0,36,10.983697491899978,,1.6281179040819076
0.005,15.874507866387544,50,100,2.0,37,10.363767073708251,,1.0665123822814908
0.005,15.874507866387544,50,100,2.0,38,14.973867694639267,,1.7643290862189402
0.005,15.874507866387544,50,100,2.0,39,9.121884586403477,,-1.254662170525646
0.005,15.874507866387544,50,100,2.0,40,12.462327584742004,,1.260037601371781
0.005,15.874507866387544,50,100,2.0,41,8.397592067049562,,0.23702827863204126
0.005,15.874507866387544,50,100,2.0,42,3.9827806332594333,,0.23420962911292664
0.005,15.874507866387544,50,100,2.0,43,17.394149347010128,,0.23867310801259953
0.005,15.874507866387544,50,100,2.0,44,8.492469784883118,,-1.1986686424613486
0.005,15.874507866387544,50,100,2.0,45,11.938183939235945,,0.5180971328386351
0.005,15.874507866387544,50,100,2.0,46,11.917513920854525,,2.325674520230948
0.005,15.874507866387544,50,100,2.0,47,9.41680305921925,,1.1284788364407696
0.005,15.874507866387544,50,100,2.0,48,5.217903972890561,,3.8916377637018122
0.005,15.874507866387544,50,100,2.0,49,11.358293211985014,,-0.12660973529223224
0.005,15.874507866387544,50,250,5.0,0,4.695325769295073,,-0.7599744259976624
0.005,15.874507866387544,50,250,5.0,1,3.5423825658579826,,0.6956520626158573
0.005,15.874507866387544,50,250,5.0,2,4.587769486881872,,1.3577100475306032
0.005,15.874507866387544,50,250,5.0,3,6.538160995924164,,-0.3227484064844897
0.005,15.874507866387544,50,250,5.0,4,4.660266263690046,,2.787268179821421
0.005,15.874507866387544,50,250,5.0,5,3.62584394204817,,-0.6516002109162187
0.005,15.874507866387544,50,250,5.0,6,4.168829422326497,,3.1759530559712625
0.005,15.874507866387544,50,250,5.0,7,6.477846244986869,,3.286959050360362
0.005,15.874507866387544,50,250,5.0,8,0.5434603155690556,,3.216477677855506
0.005,15.874507866387544,50,250,5.0,9,9.536559589956996,,1.2398494233970185
0.005,15.874507866387544,50,250,5.0,10,4.10686601252479,,-0.32690564212125994
0.005,15.874507866387544,50,250,5.0,11,3.426496441724797,,3.1151253491035
0.005,15.874507866387544,50,250,5.0,12,3.0753331554836403,,-0.7187891410092048
0.005,15.874507866387544,50,250,5.0,13,3.6820914554250495,,1.1509516368739217
0.005,15.874507866387544,50,250,5.0,14,2.862066169230997,,-0.7627509299290517
0.005,15.874507866387544,50,250,5.0,15,6.575150195247334,,-0.04821745684409808
0.005,15.874507866387544,50,250,5.0,16,7.537134935159686,,2.1340884058919825
0.005,15.874507866387544,50,250,5.0,17,2.504483045438202,,0.18530255056010164
0.005,15.874507866387544,50,250,5.0,18,7.49862011342146,,1.822059718827597
0.005,15.874507866387544,50,250,5.0,19,1.0738423304479026,,-0.823942604704577
0.005,15.874507866387544,50,250,5.0,20,2.0093079159234115,,0.4837455346902777
0.005,15.874507866387544,50,250,5.0,21,8.510110989266625,,0.3143773009677109
0.005,15.874507866387544,50,250,5.0,22,4.142336694566977,,3.5093192151170194
0.005,15.874507866387544,50,250,5.0,23,3.266979455532656,,2.124107546096796
0.005,15.874507866387544,50,250,5.0,24,-0.9851409072306818,,-2.1228013358216775
0.005,15.874507866387544,50,250,5.0,25,5.889712627056187,,0.8101362846146916
0.005,15.874507866387544,50,250,5.0,26,2.939869051225012,,-0.43072679071153497
0.005,15.874507866387544,50,250,5.0,27,4.153398929613815,,1.572077470553583
0.005,15.874507866387544,50,250,5.0,28,4.336462680544465,,1.2071409479008992
0.005,15.874507866387544,50,250,5.0,29,3.50491234269429,,2.6846260858893984
0.005,15.874507866387544,50,250,5.0,30,2.66900074947615,,3.185982794719237
0.005,15.874507866387544,50,250,5.0,31,5.75507545856226,,0.5483636559779085
0.005,15.874507866387544,50,250,5.0,32,5.224592352423417,,1.2032671771328596
0.005,15.874507866387544,50,250,5.0,33,7.339700000424474,,1.823697273948504
0.005,15.874507866387544,50,250,5.0,34,4.652305016360637,,-0.7390105626975895
0.005,15.874507866387544,50,250,5.0,35,4.98419284383444,,-0.501900964576964
0.005,15.874507866387544,50,250,5.0,36,2.005281411405041,,1.259443528430847
0.005,15.874507866387544,50,250,5.0,37,2.5276035520866538,,-2.283551790257751
0.005,15.874507866387544,50,250,5.0,38,4.05619184256218,,1.8208370888167547
0.005,15.874507866387544,50,250,5.0,39,4.961263964829914,,1.0797828688326496
0.005,15.874507866387544,50,250,5.0,40,2.8321537506678607,,-0.05556046044189876
0.005,15.874507866387544,50,250,5.0,41,2.908464634996056,,1.367053596466795
0.005,15.874507866387544,50,250,5.0,42,2.7792384553921035,,1.8990098586755952
0.005,15.874507866387544,50,250,5.0,43,6.7205357422394245,,2.306598502102061
0.005,15.874507866387544,50,250,5.0,44,3.5719553901640673,,1.529060657788574
0.005,15.874507866387544,50,250,5.0,45,9.407884759747157,,0.05587433558084056
0.005,15.874507866387544,50,250,5.0,46,4.863377889589107,,1.3931031809076164
0.005,15.874507866387544,50,250,5.0,47,3.4519941184483947,,0.03219632557548846
0.005,15.874507866387544,50,250,5.0,48,2.4905023209666557,,3.445108293145709
0.005,15.874507866387544,50,250,5.0,49,6.8849821389207815,,-0.49662589233489246
0.005,15.874507866387544,50,500,10.0,0,0.04287237969680266,,1.2574936529268121
0.005,15.874507866387544,50,500,10.0,1,2.1045738221094576,,-0.8537973166478815
0.005,15.874507866387544,50,500,10.0,2,0.18320626274266505,,0.5448749074375872
0.005,15.874507866387544,50,500,10.0,3,0.6956352962179739,,0.9185216478604412
0.005,15.874507866387544,50,500,10.0,4,0.9811639153788625,,0.326678108543769
0.005,15.874507866387544,50,500,10.0,5,1.2585309595722993,,0.5623858676889297
0.005,15.874507866387544,50,500,10.0,6,0.8338954130555266,,-0.16253622070526394
0.005,15.874507866387544,50,500,10.0,7,-0.19509586591881697,,-3.8157931388738393
0.005,15.874507866387544,50,500,10.0,8,-0.8877995747531026,,0.6528020779013769
0.005,15.874507866387544,50,500,10.0,9,-0.36484131579925366,,0.0033089424958286854
0.005,15.874507866387544,50,500,10.0,10,0.5388161531762893,,0.26923368789207763
0.005,15.874507866387544,50,500,10.0,11,0.9701414159022961,,0.4741933568075596
0.005,15.874507866387544,50,500,10.0,12,-0.7972902471970621,,1.8455781854493973
0.005,15.874507866387544,50,500,10.0,13,0.5639240129809061,,0.6468997464538311
0.005,15.874507866387544,50,500,10.0,14,-0.4262998175369329,,2.0290695977376063
0.005,15.874507866387544,50,500,10.0,15,-1.5390738295629227,,1.2089122554651541
0.005,15.874507866387544,50,500,10.0,16,1.5143805082441382,,0.12246350123099416
0.005,15.874507866387544,50,500,10.0,17,-0.1797027855636905,,-0.35605618963112906
0.005,15.874507866387544,50,500,10.0,18,2.5456775562728113,,2.4663458229778428
0.005,15.874507866387544,50,500,10.0,19,0.5811732392228064,,1.833543074356643
0.005,15.874507866387544,50,500,10.0,20,0.6000174307441425,,-0.5238482858042459
0.005,15.874507866387544,50,500,10.0,21,0.6436182385146565,,1.1344770911822002
0.005,15.874507866387544,50,500,10.0,22,2.3226486222879843,,2.990207923290327
0.005,15.874507866387544,50,500,10.0,23,0.5845235165179035,,2.9358466376914545
0.005,15.874507866387544,50,500,10.0,24,-1.3109046119151173,,1.4477220963637696
0.005,15.874507866387544,50,500,10.0,25,-0.795361600763692,,0.20800254062936896
0.005,15.874507866387544,50,500,10.0,26,2.1695090665864716,,-0.27859012709801395
0.005,15.874507866387544,50,500,10.0,27,0.5119394891304265,,-0.9354591748953534
0.005,15.874507866387544,50,500,10.0,28,-0.6856819076379548,,5.255157144328687
0.005,15.874507866387544,50,500,10.0,29,-0.08502392564823828,,-0.4983990016076767
0.005,15.874507866387544,50,500,10.0,30,2.8954774134546457,,2.5564904223340417
0.005,15.874507866387544,50,500,10.0,31,1.6184965493103431,,1.5617502043920937
0.005,15.874507866387544,50,500,10.0,32,-0.6477336738431487,,-2.450986280575113
0.005,15.874507866387544,50,500,10.0,33,3.175440254060235,,1.733749904139186
0.005,15.874507866387544,50,500,10.0,34,-0.7698015856767519,,0.8719967078829987
0.005,15.874507866387544,50,500,10.0,35,0.4932947890116454,,1.7168077622203768
0.005,15.874507866387544,50,500,10.0,36,1.789379893636189,,2.6913823418385587
0.005,15.874507866387544,50,500,10.0,37,-1.2240930750740104,,-2.920632187857352
0.005,15.874507866387544,50,500,10.0,38,2.668243333401528,,2.1243643217694728
0.005,15.874507866387544,50,500,10.0,39,0.7646621862847759,,-1.5342319703937577
0.005,15.874507866387544,50,500,10.0,40,0.6717162991315592,,-0.12775528762480917
0.005,15.874507866387544,50,500,10.0,41,0.4744671269931372,,-1.3813705456581127
0.005,15.874507866387544,50,500,10.0,42,1.027970138770084,,0.7094631577860303
0.005,15.874507866387544,50,500,10.0,43,1.7556336293783132,,1.3042860658749025
0.005,15.874507866387544,50,500,10.0,44,0.4863989921930237,,2.2424367211095535
0.005,15.874507866387544,50,500,10.0,45,0.47235667077696447,,-0.2552579689377136
0.005,15.874507866387544,50,500,10.0,46,1.5963041781924878,,-0.5594149452880531
0.005,15.874507866387544,50,500,10.0,47,-1.0481287244905022,,-1.253739328696343
0.005,15.874507866387544,50,500,10.0,48,1.8789642236557091,,0.5024335772168571
0.005,15.874507866387544,50,500,10.0,49,2.3643409817858285,,1.4707239814517563
0.01,31.74901573277509,50,100,2.0,0,13.43140323126799,,-1.3886298394402852
0.01,31.74901573277509,50,100,2.0,1,13.181710151976144,,-0.24353810202176016
0.01,31.74901573277509,50,100,2.0,2,24.028621185398002,,-0.9968540705095391
0.01,31.74901573277509,50,100,2.0,3,17.534984536077012,,1.488980111946342
0.01,31.74901573277509,50,100,2.0,4,21.487183862066985,,0.4065090630467949
0.01,31.74901573277509,50,100,2.0,5,28.889722687505888,,-0.2752723518258912
0.01,31.74901573277509,50,100,2.0,6,16.21443953857194,,0.24229470138001719
0.01,31.74901573277509,50,100,2.0,7,30.904240678246982,,-0.3642731613417734
0.01,31.74901573277509,50,100,2.0,8,7.999427219339144,,-1.4654863866727
0.01,31.74901573277509,50,100,2.0,9,27.85133435030881,,0.4975108552058603
0.01,31.74901573277509,50,100,2.0,10,11.612188558078843,,-0.9046350192300406
0.01,31.74901573277509,50,100,2.0,11,17.014107997041798,,-1.3342199454205852
0.01,31.74901573277509,50,100,2.0,12,15.84973373617623,,-0.3192229845102726
0.01,31.74901573277509,50,100,2.0,13,20.36380701493807,,2.370241985513045
0.01,31.74901573277509,50,100,2.0,14,23.2651479606614,,3.2794184389638676
0.01,31.74901573277509,50,100,2.0,15,17.932675105913926,,0.634501261251179
0.01,31.74901573277509,50,100,2.0,16,21.05178777423073,,0.45203564976212657
0.01,31.74901573277509,50,100,2.0,17,5.981147579959339,,2.2110111798506296
0.01,31.74901573277509,50,100,2.0,18,14.644112935718264,,-1.5316054443560314
0.01,31.74901573277509,50,100,2.0,19,23.477151337458796,,1.8630893472021353
0.01,31.74901573277509,50,100,2.0,20,24.349197053099875,,-0.2635434508277172
0.01,31.74901573277509,50,100,2.0,21,18.50442433314036,,-0.015583219727597143
0.01,31.74901573277509,50,100,2.0,22,19.951181514563785,,3.692641494293559
0.01,31.74901573277509,50,100,2.0,23,17.002816851880333,,1.3232621777573692
0.01,31.74901573277509,50,100,2.0,24,15.807640019322184,,0.5547489830567743
0.01,31.74901573277509,50,100,2.0,25,22.536498829629544,,0.6377553196822134
0.01,31.74901573277509,50,100,2.0,26,12.834953811048388,,-0.4937739279662699
0.01,31.74901573277509,50,100,2.0,27,25.96479983182057,,1.8982002633931194
0.01,31.74901573277509,50,100,2.0,28,30.784589240108723,,-0.22152429602609525
0.01,31.74901573277509,50,100,2.0,29,19.13604348542653,,0.9730276463733103
0.01,31.74901573277509,50,100,2.0,30,18.31116458030717,,0.803585169601522
0.01,31.74901573277509,50,100,2.0,31,23.675034322530426,,1.8414964559311644
0.01,31.74901573277509,50,100,2.0,32,14.370428622612078,,0.5852319995023016
0.01,31.74901573277509,50,100,2.0,33,10.72433624215825,,3.1873149887893786
0.01,31.74901573277509,50,100,2.0,34,24.690448615408883,,2.141578649809279
0.01,31.74901573277509,50,100,2.0,35,14.34017746393909,,-2.206476287873668
0.01,31.74901573277509,50,100,2.0,36,20.664571984691793,,1.72440637646214
0.01,31.74901573277509,50,100,2.0,37,19.895739633654802,,1.7269559772592225
0.01,31.74901573277509,50,100,2.0,38,29.493530242088404,,1.9280647376406452
0.01,31.74901573277509,50,100,2.0,39,18.947875381962533,,-0.6545030103073295
0.01,31.74901573277509,50,100,2.0,40,24.663515275915294,,1.1805964896337797
0.01,31.74901573277509,50,100,2.0,41,16.19309633261978,,-0.1973083165881875
0.01,31.74901573277509,50,100,2.0,42,8.512082828808488,,0.9059316335447295
0.01,31.74901573277509,50,100,2.0,43,35.62014122324293,,0.4377542678523991
0.01,31.74901573277509,50,100,2.0,44,18.866767858627483,,0.02080999376467237
0.01,31.74901573277509,50,100,2.0,45,23.704984719194655,,0.5118604808810379
0.01,31.74901573277509,50,100,2.0,46,25.441102593614442,,2.392344673374067
0.01,31.74901573277509,50,100,2.0,47,19.248252612887306,,1.5713278901164114
0.01,31.74901573277509,50,100,2.0,48,10.525206663735483,,3.6340530569636527
0.01,31.74901573277509,50,100,2.0,49,21.334315388067868,,0.17562988203374863
0.01,31.74901573277509,50,250,5.0,0,8.691132968181433,,-0.5921571553126309
0.01,31.74901573277509,50,250,5.0,1,6.364697543876483,,1.0082711314854207
0.01,31.74901573277509,50,250,5.0,2,9.008942222049436,,2.3091087414836253
0.01,31.74901573277509,50,250,5.0,3,12.846057532322567,,0.01364832904200304
0.01,31.74901573277509,50,250,5.0,4,9.643678547552737,,1.9300548440895802
0.01,31.74901573277509,50,250,5.0,5,7.453637177887641,,-0.008913057358222412
0.01,31.74901573277509,50,250,5.0,6,7.018583612411072,,3.36456926387573
0.01,31.74901573277509,50,250,5.0,7,12.764068005728767,,2.7705032856755287
0.01,31.74901573277509,50,250,5.0,8,0.8477716884637061,,3.3419329487351623
0.01,31.74901573277509,50,250,5.0,9,19.229633771004327,,0.7074996453782326
0.01,31.74901573277509,50,250,5.0,10,6.968895716421276,,0.5825218636208706
0.01,31.74901573277509,50,250,5.0,11,7.063555234581216,,3.577852055053977
0.01,31.74901573277509,50,250,5.0,12,6.262893009415075,,-0.18676290960706304
0.01,31.74901573277509,50,250,5.0,13,5.897510914880605,,1.821764859968736
0.01,31.74901573277509,50,250,5.0,14,7.171758623276807,,0.20499906147534122
0.01,31.74901573277509,50,250,5.0,15,13.830904018187272,,0.9047435260467185
0.01,31.74901573277509,50,250,5.0,16,14.14518720430878,,2.133036273917341
0.01,31.74901573277509,50,250,5.0,17,3.90979560025369,,0.7790119273652827
0.01,31.74901573277509,50,250,5.0,18,13.355958395341423,,1.1027620929531332
0.01,31.74901573277509,50,250,5.0,19,2.7156356619534194,,-0.6257482913427127
0.01,31.74901573277509,50,250,5.0,20,2.7030168471273637,,0.8326303538921287
0.01,31.74901573277509,50,250,5.0,21,15.551885377305316,,0.4650559612875332
0.01,31.74901573277509,50,250,5.0,22,7.903349378078509,,3.4753654581359386
0.01,31.74901573277509,50,250,5.0,23,6.767140655719584,,3.125802157912379
0.01,31.74901573277509,50,250,5.0,24,-0.31332772187761243,,-1.9375693586950087
0.01,31.74901573277509,50,250,5.0,25,9.709802490327407,,1.1905334900253892
0.01,31.74901573277509,50,250,5.0,26,5.553174336067647,,-0.0218811633242752
0.01,31.74901573277509,50,250,5.0,27,8.209113553539598,,1.994605419754849
0.01,31.74901573277509,50,250,5.0,28,8.44209252159522,,1.6078835850910562
0.01,31.74901573277509,50,250,5.0,29,5.981728394861251,,2.751389316739737
0.01,31.74901573277509,50,250,5.0,30,4.85439785996012,,2.8249522481869773
0.01,31.74901573277509,50,250,5.0,31,13.551851442522738,,1.2761218860327388
0.01,31.74901573277509,50,250,5.0,32,9.943759035624925,,2.0172477005748455
0.01,31.74901573277509,50,250,5.0,33,14.91036891368096,,2.3889020228758726
0.01,31.74901573277509,50,250,5.0,34,9.23299686603192,,0.23198850200141125
0.01,31.74901573277509,50,250,5.0,35,9.607169550511324,,0.4358157905878288
0.01,31.74901573277509,50,250,5.0,36,4.048778002703875,,1.9348937959660657
0.01,31.74901573277509,50,250,5.0,37,5.659366012579626,,-0.766901979405771
0.01,31.74901573277509,50,250,5.0,38,9.303685295572928,,1.4805166497459425
0.01,31.74901573277509,50,250,5.0,39,9.20417689490151,,1.5593216696460908
0.01,31.74901573277509,50,250,5.0,40,7.544319794845386,,0.5394122109834747
0.01,31.74901573277509,50,250,5.0,41,7.6981148517745845,,2.3198127775500446
0.01,31.74901573277509,50,250,5.0,42,4.793897882860954,,2.055593057775879
0.01,31.74901573277509,50,250,5.0,43,13.45479257677093,,2.003917170217816
0.01,31.74901573277509,50,250,5.0,44,8.498683851774215,,1.291307488892426
0.01,31.74901573277509,50,250,5.0,45,18.861229774510992,,0.5044711154460246
0.01,31.74901573277509,50,250,5.0,46,7.551219074231699,,1.1971982465000535
0.01,31.74901573277509,50,250,5.0,47,6.021269948875671,,0.48018267704377615
0.01,31.74901573277509,50,250,5.0,48,5.4671170992374325,,2.9601019501023274
0.01,31.74901573277509,50,250,5.0,49,13.845037364038527,,-0.050031439836361456
0.01,31.74901573277509,50,500,10.0,0,0.5136301226251294,,1.4855547203064496
0.01,31.74901573277509,50,500,10.0,1,2.8933441993966387,,-0.652475007301217
0.01,31.74901573277509,50,500,10.0,2,0.7807663236826505,,0.7025739492936872
0.01,31.74901573277509,50,500,10.0,3,1.6256195634085573,,1.3972899665683092
0.01,31.74901573277509,50,500,10.0,4,1.516315215877807,,0.6543401357148735
0.01,31.74901573277509,50,500,10.0,5,2.362408594253864,,1.0492008625608493
0.01,31.74901573277509,50,500,10.0,6,1.5319824865589533,,0.11249870073677931
0.01,31.74901573277509,50,500,10.0,7,0.605460411918469,,-3.6727580029462517
0.01,31.74901573277509,50,500,10.0,8,-0.8291815751688897,,0.6755663244454057
0.01,31.74901573277509,50,500,10.0,9,-0.05668679233231128,,0.1230398532838886
0.01,31.74901573277509,50,500,10.0,10,1.074799718455361,,0.44684210288431997
0.01,31.74901573277509,50,500,10.0,11,2.246295961853045,,0.7258213499762639
0.01,31.74901573277509,50,500,10.0,12,-0.40578605847224125,,2.0492400846386225
0.01,31.74901573277509,50,500,10.0,13,1.3192270576446705,,0.9703113689397206
0.01,31.74901573277509,50,500,10.0,14,0.2900293737005681,,2.246493460613539
0.01,31.74901573277509,50,500,10.0,15,-1.4410810104948706,,1.2669000618432031
0.01,31.74901573277509,50,500,10.0,16,3.2960488152291174,,0.49645815773676977
0.01,31.74901573277509,50,500,10.0,17,-0.05848804153538305,,-0.3140741134161121
0.01,31.74901573277509,50,500,10.0,18,3.558345777880742,,2.7112173053178816
0.01,31.74901573277509,50,500,10.0,19,0.8604746044585109,,1.9768883594639268
0.01,31.74901573277509,50,500,10.0,20,0.6324127535775329,,-0.510029101324644
0.01,31.74901573277509,50,500,10.0,21,0.7206083953714831,,1.1725161803052897
0.01,31.74901573277509,50,500,10.0,22,2.639899711083177,,3.087221990996755
0.01,31.74901573277509,50,500,10.0,23,0.7626610207758509,,2.99408500292712
0.01,31.74901573277509,50,500,10.0,24,-1.1009401987831444,,1.570476998167859
0.01,31.74901573277509,50,500,10.0,25,0.5154365083334389,,0.6954048249754703
0.01,31.74901573277509,50,500,10.0,26,2.6849072604058857,,-0.2668425436515609
0.01,31.74901573277509,50,500,10.0,27,1.3627537028630325,,-0.670737212669345
0.01,31.74901573277509,50,500,10.0,28,-0.22168679832221547,,5.254902981013708
0.01,31.74901573277509,50,500,10.0,29,1.1353048580496836,,0.20965038635962244
0.01,31.74901573277509,50,500,10.0,30,3.6911843674724327,,2.6541731183421025
0.01,31.74901573277509,50,500,10.0,31,1.8661693010587093,,1.6400873928531943
0.01,31.74901573277509,50,500,10.0,32,-0.15646520357908436,,-2.2873330721022387
0.01,31.74901573277509,50,500,10.0,33,4.792222493247225,,1.905449150650176
0.01,31.74901573277509,50,500,10.0,34,-0.418368067149846,,1.0071592514950842
0.01,31.74901573277509,50,500,10.0,35,1.4282533512152016,,2.1440437380475994
0.01,31.74901573277509,50,500,10.0,36,3.1070475314121833,,3.241543490346045
0.01,31.74901573277509,50,500,10.0,37,-1.0946975516164696,,-2.8757242665155784
0.01,31.74901573277509,50,500,10.0,38,4.634667979999079,,2.54175930388549
0.01,31.74901573277509,50,500,10.0,39,1.072411907374111,,-1.4028467562254192
0.01,31.74901573277509,50,500,10.0,40,1.4838938905053412,,0.17756932730266464
0.01,31.74901573277509,50,500,10.0,41,0.7164471006147922,,-1.2740893783995941
0.01,31.74901573277509,50,500,10.0,42,1.2514999102166238,,0.7901190595186163
0.01,31.74901573277509,50,500,10.0,43,2.0491685382517693,,1.353749493678216
0.01,31.74901573277509,50,500,10.0,44,1.224455202739371,,2.477870567305243
0.01,31.74901573277509,50,500,10.0,45,2.0354170108764285,,-0.1310112584793495
0.01,31.74901573277509,50,500,10.0,46,2.309042447061709,,-0.24795523810704637
0.01,31.74901573277509,50,500,10.0,47,-0.9887661463846492,,-1.2220174326631372
0.01,31.74901573277509,50,500,10.0,48,3.651727537479021,,1.1210568783084232
0.01,31.74901573277509,50,500,10.0,49,3.1755345176147878,,1.5456743776564204
0.02,63.49803146555018,50,100,2.0,0,27.38003125660666,,-0.6836810495879981
0.02,63.49803146555018,50,100,2.0,1,26.65832543639346,,0.10465058538091332
0.02,63.49803146555018,50,100,2.0,2,47.121688448311886,,-0.9785978591251009
0.02,63.49803146555018,50,100,2.0,3,36.35227805005624,,1.681437772281644
0.02,63.49803146555018,50,100,2.0,4,44.19997372571586,,0.04219794635377263
0.02,63.49803146555018,50,100,2.0,5,56.550732213141664,,-0.020603258656131506
0.02,63.49803146555018,50,100,2.0,6,33.696153633427365,,-0.038216213820180575
0.02,63.49803146555018,50,100,2.0,7,59.2761347199574,,-0.4305955535752891
0.02,63.49803146555018,50,100,2.0,8,16.024494323671572,,-0.20862902104615194
0.02,63.49803146555018,50,100,2.0,9,55.37131862790289,,0.4741673748862575
0.02,63.49803146555018,50,100,2.0,10,23.879314547125745,,-0.21781541344803235
0.02,63.49803146555018,50,100,2.0,11,35.88401334809421,,-1.6693393807266357
0.02,63.49803146555018,50,100,2.0,12,32.35176443624508,,0.5682234758826397
0.02,63.49803146555018,50,100,2.0,13,40.80849569266489,,2.0759455359377057
0.02,63.49803146555018,50,100,2.0,14,47.684682214978594,,3.04873041219508
0.02,63.49803146555018,50,100,2.0,15,35.39248117475792,,0.6154099251395321
0.02,63.49803146555018,50,100,2.0,16,41.779043117172336,,0.7107083019782277
0.02,63.49803146555018,50,100,2.0,17,12.97169568137827,,1.3350888104229848
0.02,63.49803146555018,50,100,2.0,18,30.06872523350427,,-0.7902571196271743
0.02,63.49803146555018,50,100,2.0,19,46.601371113917885,,1.6570680325717626
0.02,63.49803146555018,50,100,2.0,20,50.119555859301364,,-0.04690466875876065
0.02,63.49803146555018,50,100,2.0,21,37.909253124918685,,0.21964207343993414
0.02,63.49803146555018,50,100,2.0,22,39.1058286726471,,3.680701776046953
0.02,63.49803146555018,50,100,2.0,23,34.67242675418299,,1.5172725193656396
0.02,63.49803146555018,50,100,2.0,24,33.04170594942752,,0.9292658613763567
0.02,63.49803146555018,50,100,2.0,25,44.08904084902606,,0.6936201214268056
0.02,63.49803146555018,50,100,2.0,26,27.01588456176186,,0.4253949849079002
0.02,63.49803146555018,50,100,2.0,27,50.23492020779462,,1.9630592142716885
0.02,63.49803146555018,50,100,2.0,28,62.510926013538686,,-0.016868949233512
0.02,63.49803146555018,50,100,2.0,29,38.20750570634539,,1.4062714790243374
0.02,63.49803146555018,50,100,2.0,30,35.98012496750534,,0.5849608120055351
0.02,63.49803146555018,50,100,2.0,31,47.684236455808026,,1.9107786637440103
0.02,63.49803146555018,50,100,2.0,32,27.63717616154953,,0.5484068711309902
0.02,63.49803146555018,50,100,2.0,33,21.08917914359112,,2.4434768766698958
0.02,63.49803146555018,50,100,2.0,34,50.63636157629433,,2.0362967216381835
0.02,63.49803146555018,50,100,2.0,35,29.883733612553648,,-2.0065440217481494
0.02,63.49803146555018,50,100,2.0,36,40.026320970275414,,1.7317797679589586
0.02,63.49803146555018,50,100,2.0,37,38.9596847535479,,2.1028903432330526
0.02,63.49803146555018,50,100,2.0,38,58.53285533698666,,1.983707197830491
0.02,63.49803146555018,50,100,2.0,39,38.59985697308067,,-0.2846703488294728
0.02,63.49803146555018,50,100,2.0,40,49.06589065826189,,1.1054088603931802
0.02,63.49803146555018,50,100,2.0,41,31.78410486376022,,-0.48005992038430245
0.02,63.49803146555018,50,100,2.0,42,17.57068721990659,,1.3953416946717638
0.02,63.49803146555018,50,100,2.0,43,72.07212497570859,,0.5350963573861577
0.02,63.49803146555018,50,100,2.0,44,39.61536400611622,,0.6781952854495544
0.02,63.49803146555018,50,100,2.0,45,47.238586279112056,,0.49468054189889454
0.02,63.49803146555018,50,100,2.0,46,52.48827993913427,,2.3559517168971453
0.02,63.49803146555018,50,100,2.0,47,38.911151720223394,,1.7762518022424536
0.02,63.49803146555018,50,100,2.0,48,21.139812045425323,,3.0911200429745964
0.02,63.49803146555018,50,100,2.0,49,41.286359740233564,,0.3631829833672459
0.02,63.49803146555018,50,250,5.0,0,16.682747365954146,,-0.3896734562496314
0.02,63.49803146555018,50,250,5.0,1,12.009327499913484,,1.27525543565059
0.02,63.49803146555018,50,250,5.0,2,17.851287692384556,,2.988577518082438
0.02,63.49803146555018,50,250,5.0,3,25.46185060511938,,0.2555981929748064
0.02,63.49803146555018,50,250,5.0,4,19.61050311527811,,1.1227259442511488
0.02,63.49803146555018,50,250,5.0,5,15.109223649566584,,0.5962104706423914
0.02,63.49803146555018,50,250,5.0,6,12.71809199258021,,3.2726462055778316
0.02,63.49803146555018,50,250,5.0,7,25.336511527212572,,2.2294815811778497
0.02,63.49803146555018,50,250,5.0,8,1.4563944342530066,,3.572692559256616
0.02,63.49803146555018,50,250,5.0,9,38.61578213309899,,0.36720732440968523
0.02,63.49803146555018,50,250,5.0,10,12.69295512421425,,1.5872054827001973
0.02,63.49803146555018,50,250,5.0,11,14.337672820294054,,3.561622031719096
0.02,63.49803146555018,50,250,5.0,12,12.638012717277958,,0.3897186528771809
0.02,63.49803146555018,50,250,5.0,13,10.328349833791721,,2.600016167541019
0.02,63.49803146555018,50,250,5.0,14,15.791143531368435,,1.025693198619244
0.02,63.49803146555018,50,250,5.0,15,28.34241166406712,,1.4919278742417217
0.02,63.49803146555018,50,250,5.0,16,27.36129174260696,,2.0133544475669325
0.02,63.49803146555018,50,250,5.0,17,6.720420709884668,,1.6785514218740638
0.02,63.49803146555018,50,250,5.0,18,25.070634959181362,,0.5079770153994035
0.02,63.49803146555018,50,250,5.0,19,5.999222324964454,,-0.26647740991667673
0.02,63.49803146555018,50,250,5.0,20,4.090434709535271,,1.4583145321083422
0.02,63.49803146555018,50,250,5.0,21,29.635434153382686,,0.5540031433299407
0.02,63.49803146555018,50,250,5.0,22,15.42537474510157,,3.0656459197855392
0.02,63.49803146555018,50,250,5.0,23,13.767463056093433,,3.830952596956372
0.02,63.49803146555018,50,250,5.0,24,1.030298648828527,,-1.5226127664078828
0.02,63.49803146555018,50,250,5.0,25,17.349982216869837,,1.4979659631019089
0.02,63.49803146555018,50,250,5.0,26,10.779784905752926,,0.46051036162152786
0.02,63.49803146555018,50,250,5.0,27,16.32054280139116,,2.1885216956625664
0.02,63.49803146555018,50,250,5.0,28,16.653352203696727,,1.827675926196657
0.02,63.49803146555018,50,250,5.0,29,10.935360499195172,,2.584338185399433
0.02,63.49803146555018,50,250,5.0,30,9.225192080928066,,2.1217221601467777
0.02,63.49803146555018,50,250,5.0,31,29.145403410443688,,1.6272568165446515
0.02,63.49803146555018,50,250,5.0,32,19.382092402027943,,2.5846474889750777
0.02,63.49803146555018,50,250,5.0,33,30.051706740193946,,2.6285796622682454
0.02,63.49803146555018,50,250,5.0,34,18.394380565374487,,1.0441345179207113
0.02,63.49803146555018,50,250,5.0,35,18.8531229638651,,1.2130825545813066
0.02,63.49803146555018,50,250,5.0,36,8.135771185301545,,2.712194096461131
0.02,63.49803146555018,50,250,5.0,37,11.92289093356557,,0.8424485387254889
0.02,63.49803146555018,50,250,5.0,38,19.798672201594428,,1.0663909311984658
0.02,63.49803146555018,50,250,5.0,39,17.690002755044702,,1.875490652389892
0.02,63.49803146555018,50,250,5.0,40,16.968651883200437,,0.9559707433344916
0.02,63.49803146555018,50,250,5.0,41,17.277415285331656,,2.7910943092137477
0.02,63.49803146555018,50,250,5.0,42,8.823216737798651,,2.091942513638997
0.02,63.49803146555018,50,250,5.0,43,26.92330624583395,,1.670637841617947
0.02,63.49803146555018,50,250,5.0,44,18.352140774994503,,0.9509312120688131
0.02,63.49803146555018,50,250,5.0,45,37.76791980403866,,0.7604035385696146
0.02,63.49803146555018,50,250,5.0,46,12.926901443516885,,0.9040140103476058
0.02,63.49803146555018,50,250,5.0,47,11.15982160973022,,0.9758381577568991
0.02,63.49803146555018,50,250,5.0,48,11.420346655778983,,2.0832839179963787
0.02,63.49803146555018,50,250,5.0,49,27.765147814274037,,0.2571280130383442
0.02,63.49803146555018,50,500,10.0,0,1.455145608481783,,1.9247421951827537
0.02,63.49803146555018,50,500,10.0,1,4.4708849539710025,,-0.28649157068030096
0.02,63.49803146555018,50,500,10.0,2,1.975886445562624,,0.9943062441614146
0.02,63.49803146555018,50,500,10.0,3,3.485588097789726,,2.2447299776467076
0.02,63.49803146555018,50,500,10.0,4,2.5866178168756955,,1.2779096258633393
0.02,63.49803146555018,50,500,10.0,5,4.5701638636169974,,1.856865278684586
0.02,63.49803146555018,50,500,10.0,6,2.928156633565809,,0.6223401856267479
0.02,63.49803146555018,50,500,10.0,7,2.2065729675930417,,-3.2457506794918345
0.02,63.49803146555018,50,500,10.0,8,-0.711945576000464,,0.721149783955269
0.02,63.49803146555018,50,500,10.0,9,0.5596222546015741,,0.36176218901734075
0.02,63.49803146555018,50,500,10.0,10,2.146766849013504,,0.7825331642113739
0.02,63.49803146555018,50,500,10.0,11,4.798605053754546,,1.099711758298043
0.02,63.49803146555018,50,500,10.0,12,0.3772223189773998,,2.452129940275455
0.02,63.49803146555018,50,500,10.0,13,2.8298331469722005,,1.5581908063832972
0.02,63.49803146555018,50,500,10.0,14,1.7226877561755694,,2.6073651077847795
0.02,63.49803146555018,50,500,10.0,15,-1.2450953723587666,,1.383896036202574
0.02,63.49803146555018,50,500,10.0,16,6.859385429199077,,1.001222916611152
0.02,63.49803146555018,50,500,10.0,17,0.18394144652123193,,-0.2299217187425102
0.02,63.49803146555018,50,500,10.0,18,5.583682221096601,,3.0286559024049704
0.02,63.49803146555018,50,500,10.0,19,1.419077334929918,,2.255649568764547
0.02,63.49803146555018,50,500,10.0,20,0.6972033992443143,,-0.48241162913214153
0.02,63.49803146555018,50,500,10.0,21,0.8745887090851358,,1.2481941737703623
0.02,63.49803146555018,50,500,10.0,22,3.2744018886735606,,3.259165680125336
0.02,63.49803146555018,50,500,10.0,23,1.118936029291747,,3.104156595465686
0.02,63.49803146555018,50,500,10.0,24,-0.681011372519198,,1.8191595305528052
0.02,63.49803146555018,50,500,10.0,25,3.1370327265277016,,1.552481206697001
0.02,63.49803146555018,50,500,10.0,26,3.7157036480447116,,-0.24206566729401108
0.02,63.49803146555018,50,500,10.0,27,3.0643821303282435,,-0.16656305610445388
0.02,63.49803146555018,50,500,10.0,28,0.7063034203092626,,5.145149516204799
0.02,63.49803146555018,50,500,10.0,29,3.575962425445517,,1.482457477056295
0.02,63.49803146555018,50,500,10.0,30,5.282598275508001,,2.7617717062633487
0.02,63.49803146555018,50,500,10.0,31,2.3615148045554406,,1.7884355023961682
0.02,63.49803146555018,50,500,10.0,32,0.8260717369490455,,-1.9343156472460241
0.02,63.49803146555018,50,500,10.0,33,8.0257869716212,,2.0449698857595076
0.02,63.49803146555018,50,500,10.0,34,0.2844989699039663,,1.2744806580516201
0.02,63.49803146555018,50,500,10.0,35,3.2981704756223142,,2.8653795673852436
0.02,63.49803146555018,50,500,10.0,36,5.7423828069641765,,3.9668923610724702
0.02,63.49803146555018,50,500,10.0,37,-0.8359065047013877,,-2.782762526684105
0.02,63.49803146555018,50,500,10.0,38,8.56751727319418,,2.904457140555886
0.02,63.49803146555018,50,500,10.0,39,1.6879113495527827,,-1.142124386379997
0.02,63.49803146555018,50,500,10.0,40,3.108249073252906,,0.7351775229004246
0.02,63.49803146555018,50,500,10.0,41,1.2004070478581021,,-1.0601028624972078
0.02,63.49803146555018,50,500,10.0,42,1.6985594531097055,,0.9471465733069134
0.02,63.49803146555018,50,500,10.0,43,2.6362383559986826,,1.443494418673706
0.02,63.49803146555018,50,500,10.0,44,2.700567623832067,,2.8518772388348648
0.02,63.49803146555018,50,500,10.0,45,5.161537691075353,,0.08162742613623289
0.02,63.49803146555018,50,500,10.0,46,3.734518984800151,,0.31795880014574457
0.02,63.49803146555018,50,500,10.0,47,-0.8700409901729425,,-1.158307758615243
0.02,63.49803146555018,50,500,10.0,48,7.197254165125647,,1.9561305822110404
0.02,63.49803146555018,50,500,10.0,49,4.797921589272704,,1.6373431384699988
